labeler_did,handle,display_name,labeler_class,maturity_class,active_recently,declares_scope,explains_labels,user_visible_consequence_known,has_stable_service_record,label_count_30d,label_count_7d,distinct_targets_30d,latest_label_def_count,service_record_revisions,first_record_at,last_record_at,last_seen,regime_state,endpoint_status,visibility_class,auditability,likely_test_dev,is_reference
did:plc:ar7c4by46qjdydhdevvrndac,moderation.bsky.app,Bluesky Moderation Service,official_platform,platform-root,True,True,True,True,True,908000,277500,854443,18,1,2026-06-08T17:05:22Z,2026-06-08T17:05:22Z,2026-06-08T23:24:13.937292Z,stable,accessible,declared,high,False,True
did:plc:s45hbf5dqdkjpwuuq4djo6l2,antiantiai.bsky.social,"Anti ""Anti-AI"" Labeler",third_party,unknown,True,False,False,False,False,908000,277000,9179,0,0,,,2026-06-08T23:24:41.029808Z,stable,accessible,declared,high,False,False
did:plc:newitj5jo3uel7o4mnf3vj2o,xblock.aendra.dev,XBlock Screenshot Labeller,third_party,experimental,True,True,True,True,True,908000,277000,906160,13,2,2026-04-07T13:05:51.137855Z,2026-04-13T18:57:26.672849Z,2026-06-08T23:24:47.240601Z,stable,accessible,declared,high,True,False
did:plc:g6c6zaif2tjvdlmkkibj2avz,labeler.plural.host,Plural System Labeler,third_party,unknown,True,False,False,False,False,906500,276500,202,0,0,,,2026-06-08T23:25:12.254408Z,stable,accessible,declared,high,False,False
did:plc:6ebfnuunfngxfw3rth3ewojw,label.haus,label haus,official_platform,moderation-infrastructure,True,True,True,True,True,708300,274000,45747,2,1,2026-04-17T14:26:13.474799Z,2026-04-17T14:26:13.474799Z,2026-06-08T23:25:22.566369Z,stable,accessible,declared,high,False,True
did:plc:fqfzpua2rp5io5nmxcixvdvm,oracle.posters.rip,The Cave of Trophonius,third_party,unknown,True,False,False,False,False,698575,67575,680200,0,0,,,2026-06-08T08:34:52.372804Z,bursty,accessible,declared,high,False,False
did:plc:gyh4pns3p2l3vg6fw52lefvj,snubstack.boo,,third_party,moderation-infrastructure,True,True,True,False,True,650332,275500,650063,3,1,2026-04-22T19:29:29.444799Z,2026-04-22T19:29:29.444799Z,2026-06-08T23:25:28.482532Z,stable,accessible,declared,high,False,False
did:plc:uxjwly6emtgik7juvxxdpl3c,labeler.antisubstack.fyi,Anti-Substack Labeler: Substack Funds Nazis,third_party,moderation-infrastructure,True,True,True,True,False,493800,19000,390572,1,6,2026-06-02T19:42:10.237575Z,2026-06-05T17:35:14.450838Z,2026-06-08T04:38:26.089506Z,bursty,accessible,declared,high,False,False
did:plc:r5ju6hyf6p7lufdpelj37wnk,uspol-labeler.bsky.social,US Politics Labeler,third_party,unknown,True,False,False,False,False,446585,86269,446560,0,0,,,2026-06-08T23:24:28.939195Z,stable,accessible,declared,high,False,False
did:plc:gm7ifwl7flkymfk6mjzt37st,fucks.supply,Fucks Supply,third_party,moderation-infrastructure,True,True,True,True,True,416885,127780,235,1,4,2026-04-13T02:09:52.105512Z,2026-04-13T03:37:56.770209Z,2026-06-08T23:25:17.992104Z,stable,accessible,declared,high,False,False
did:plc:uyauirpjzk6le4ygqzatcwnq,pds.labeler.tny.im,Independent PDS Labeler,third_party,moderation-infrastructure,True,True,True,True,False,357956,271100,122777,102,112,2026-03-06T22:11:26.974331Z,2026-06-03T18:42:57.621283Z,2026-06-08T23:24:35.510754Z,stable,accessible,declared,high,False,False
did:plc:e4elbtctnfqocyfcml6h2lf7,skywatch.blue,Skywatch Blue,official_platform,moderation-infrastructure,True,True,True,True,True,262475,26535,254997,35,4,2026-04-15T16:53:45.901299Z,2026-05-19T23:19:15.619785Z,2026-06-08T23:24:18.543583Z,stable,accessible,declared,high,False,True
did:plc:cdkysjo2taj2jpy3qoostthu,bottags.bsky.social,Bot Tag Labeler,third_party,unknown,True,False,False,False,False,121267,0,120577,0,0,,,2026-06-08T04:38:26.089506Z,stable,down,declared,medium,False,False
did:plc:kwrnsjs7shplkwzpentb7yqv,kys.makersfield.co,Kill Yr Substack,third_party,moderation-infrastructure,True,True,True,True,True,101450,0,101450,1,1,2026-05-21T19:28:18.965380Z,2026-05-21T19:28:18.965380Z,2026-06-08T04:38:26.089506Z,stable,accessible,declared,high,False,False
did:plc:3w5f2ypdx7hrxlxvlfbkqvym,mediardaire.bsky.social,Médiardaires,third_party,unknown,True,False,False,False,False,73403,17494,73163,0,0,,,2026-06-08T23:25:00.284216Z,stable,accessible,declared,high,False,False
did:plc:adzprud3ccqhgldhortugwar,facelabels.bsky.social,Trump Face Labeler,third_party,unknown,True,False,False,False,False,58779,14097,58500,0,0,,,2026-06-08T23:24:58.729467Z,stable,accessible,declared,high,False,False
did:plc:oubsyca6hhgqhmbbk27lvs7c,stechlab-labels.bsky.social,Account Activity Labeler,third_party,moderation-infrastructure,True,True,True,True,False,57785,44885,32358,26,33,2026-03-06T11:20:38.296379Z,2026-05-01T03:14:38.748888Z,2026-06-08T20:04:43.746233Z,bursty,accessible,declared,high,False,False
did:plc:l37i5se642dgeb7kmrdwoqv4,atls.city,ATlas,third_party,moderation-infrastructure,True,True,True,True,True,56796,9078,52260,5,5,2026-04-14T18:55:32.974127Z,2026-05-22T05:26:03.606279Z,2026-06-08T23:24:57.678433Z,stable,accessible,declared,high,False,False
did:plc:bv3lcacietc6fkdokxfqtdkj,labeler.nunnybabbit.com,NunnyBabbit Labeler,third_party,unknown,True,False,False,False,False,54410,13142,28601,0,0,,,2026-06-08T23:24:26.361614Z,bursty,accessible,declared,high,False,False
did:plc:vfibt4bgozsdx6rnnnpha3x7,recordcollector.edavis.dev,Record Collector,third_party,experimental,True,True,True,True,True,50727,21548,11555,67,5,2026-03-07T20:35:15.047324Z,2026-04-09T04:32:36.487417Z,2026-06-08T23:24:16.959791Z,stable,accessible,declared,high,True,False
did:plc:3eivfiql4memqxkryeu4tqnk,mod.shawn.party,Spoiler Droid,third_party,unknown,True,False,False,False,False,49224,4042,23598,0,0,,,2026-06-08T23:24:36.879889Z,stable,accessible,declared,high,False,False
did:plc:xnk7t5cvnnvzkmbf7wpss527,moderation.plyr.fm,plyr.fm moderation,third_party,unknown,True,False,False,False,False,29008,8848,16,0,0,,,2026-06-08T23:24:54.488065Z,stable,accessible,declared,high,False,False
did:plc:m7pywezgjqbi47ltupx7gyuc,iraqwarmongers.com,Iraq War Mongers,third_party,unknown,True,False,False,False,False,28928,8816,16,0,0,,,2026-06-08T23:24:57.009099Z,stable,accessible,declared,high,False,False
did:plc:rh3vjqs4npfpmnkkmx4u4bzj,alt-text-labeler.bsky.social,Alt Text Labeler,third_party,moderation-infrastructure,True,True,True,True,False,13000,0,13000,2,17911,2026-03-13T11:15:13.092022Z,2026-06-03T01:39:19.203315Z,2026-06-08T04:38:26.089506Z,stable,accessible,declared,high,False,False
did:plc:antf7bsm6f4ohkqfdckefyt7,activitylabeler.certified.one,,third_party,unknown,True,False,False,False,False,12663,12663,6940,0,0,,,2026-06-08T23:25:31.758500Z,bursty,accessible,declared,high,False,False
did:plc:l3nbhdfelt5d26btksecetxu,pronounpicker.ripperoni.com,Pronoun Picker,third_party,unknown,True,False,False,False,False,12115,3081,768,0,0,,,2026-06-08T22:26:43.505303Z,stable,accessible,declared,high,False,False
did:plc:5qgvgk3swxadfjxzlk2vp55m,news.aendra.dev,News Classifier,third_party,experimental,True,True,True,False,False,9262,2161,8303,30,7,2026-03-18T02:29:55.683614Z,2026-03-18T03:22:25.941543Z,2026-06-08T23:25:15.400423Z,stable,accessible,declared,high,True,False
did:plc:mepis3w4mbalyt6kwsadpuf3,test-labeler.xlz.ca,XLZ Test Labeller,third_party,experimental,True,True,True,True,False,5065,0,2,18,6,2026-05-19T05:28:17.523089Z,2026-05-19T15:44:15.877062Z,2026-06-08T04:38:26.089506Z,degraded,down,declared,medium,True,False
did:plc:qhed3m2uw3mqcv5lgtvlyog5,verified.babesky.com,Verified Adult Creator Labeler,third_party,community-service,True,True,True,True,False,4435,16,1368,41,17,2026-04-09T20:38:00.602843Z,2026-05-24T21:39:06.675622Z,2026-06-08T04:38:26.089506Z,bursty,accessible,declared,high,False,False
did:plc:glu5zy2vxbuqwh76tjuwfqbm,mla-labeler.bsky.social,Moderation List Author Labeler/モデレーションリスト作者ラベラー,third_party,unknown,True,False,False,False,False,2219,365,1471,0,0,,,2026-06-08T23:13:39.265487Z,stable,accessible,declared,high,False,False
did:plc:6y74tzb6iqeuzuqqxgkizrek,atpcraft.lenooby09.tech,ATPcraft,third_party,community-service,True,True,True,True,False,2198,0,8,86,18,2026-05-10T00:58:49.466124Z,2026-05-18T17:08:06.200191Z,2026-06-08T04:38:26.089506Z,stable,accessible,declared,high,False,False
did:plc:nwxpzxyajtoqytsorxuwgolt,middleearth.quest,Middle-earth Labeler,third_party,community-service,True,True,True,True,False,1195,196,234,164,11,2026-03-08T00:48:35.245147Z,2026-05-10T18:14:50.927807Z,2026-06-08T22:26:48.010442Z,stable,accessible,declared,high,False,False
did:plc:tcdl7e7zaswykasnmfp6watk,wearemagen.org,Labeler for M.A.G.E.N.,third_party,community-service,True,True,True,True,False,1055,259,509,19,13,2026-03-18T18:26:30.145421Z,2026-04-09T18:18:49.230374Z,2026-06-08T23:13:44.124501Z,bursty,accessible,declared,high,False,False
did:plc:pswneepkd5lesumj7ejmkbal,orglabeler.certified.one,,third_party,community-service,True,True,True,True,True,996,0,318,3,1,2026-04-29T09:17:25.401140Z,2026-04-29T09:17:25.401140Z,2026-06-08T04:38:26.089506Z,stable,accessible,declared,high,False,False
did:plc:flwugseenu2x4o3h2ymutc3x,labeler.blackwall.gg,AI Media Labeler,third_party,community-service,True,True,True,True,False,858,354,711,13,8,2026-05-03T12:53:56.445232Z,2026-06-04T12:31:14.414675Z,2026-06-08T04:38:26.089506Z,bursty,accessible,declared,high,False,False
did:plc:d2mkddsbmnrgr3domzg5qexf,moderation.blacksky.app,Blacksky Moderation,third_party,community-service,True,True,True,True,True,756,106,716,9,1,2026-05-26T21:21:32.132949Z,2026-05-26T21:21:32.132949Z,2026-06-08T06:15:43.877108Z,bursty,accessible,declared,high,False,False
did:plc:cyq63siet7w7fyt3csn7bfum,globitos.bsky.social,Globitos ❄️🏳️‍🌈,third_party,unknown,True,False,False,False,False,667,152,56,0,0,,,2026-06-08T22:00:02.762087Z,bursty,accessible,declared,high,False,False
did:plc:upeagalqts3yutsgc6vo5tn3,kevara-labeler.bsky.social,Kevara Labeler,third_party,community-service,True,True,True,True,True,365,178,7,5,1,2026-05-12T14:20:32.548004Z,2026-05-12T14:20:32.548004Z,2026-06-08T04:38:26.089506Z,bursty,down,declared,medium,False,False
did:plc:zqd356xnvxea3v4wmrg7emwa,pridelabeller.bsky.social,Pride Labeller,third_party,community-service,True,True,True,True,True,342,111,95,81,4,2026-03-09T02:42:14.262315Z,2026-05-10T08:56:27.398214Z,2026-06-08T22:24:38.908964Z,bursty,accessible,declared,high,False,False
did:plc:6k2b2myab3zpqivzvyym4cp5,enneagram.blue,⬡ the Enneagram Labeler ⬡,third_party,unknown,True,False,False,False,False,326,0,2,0,0,,,2026-06-08T04:38:26.089506Z,stable,accessible,declared,high,False,False
did:plc:djcot74d3xbuxbe3dkfvchwe,labeler.pikaparty.social,Pika Labeler ⚡️ Content Creator Labels,third_party,community-service,True,True,True,True,False,326,25,90,33,10,2026-05-24T22:21:55.907699Z,2026-05-25T16:19:58.182571Z,2026-06-08T19:02:28.776268Z,bursty,accessible,declared,high,False,False
did:plc:yb2gz6yxpebbzlundrrfkv4d,altheroes.com,Alt Heroes,third_party,unknown,True,False,False,False,False,283,55,74,0,0,,,2026-06-08T18:25:19.583350Z,bursty,accessible,declared,high,False,False
did:plc:c5d5thu6uwhb5odxgk7ejvni,labeler.urbanism.plus,Urbanism+ Labeler,third_party,community-service,True,True,True,True,True,269,35,227,49,3,2026-05-20T02:05:11.668241Z,2026-05-20T02:05:11.900346Z,2026-06-08T04:38:26.089506Z,bursty,accessible,declared,high,False,False
did:plc:4p3ilpfcl77fqgoofjmghznc,puzzmo-labeler.bsky.social,Puzzmo Account Labeler,third_party,unknown,True,False,False,False,False,269,55,127,0,0,,,2026-06-08T16:12:27.612366Z,bursty,accessible,declared,high,False,False
did:plc:z3yk2cflhmn6vmzo3f5ixqh4,yardcrow.com,𓄿 The Yard Crow,third_party,community-service,True,True,True,True,True,197,33,124,104,2,2026-03-06T21:15:23.091788Z,2026-03-24T21:47:39.959330Z,2026-06-08T21:47:55.579902Z,bursty,accessible,declared,high,False,False
did:plc:roewhjzra5xtuliye7qf2ghy,flair.booksky.club,Labels/Flair for #BookSky,third_party,community-service,True,True,True,True,False,138,11,42,56,7,2026-03-24T19:53:41.688582Z,2026-05-18T19:12:07.297878Z,2026-06-08T21:02:54.094128Z,bursty,accessible,declared,high,False,False
did:plc:hr236rnywyk3xjl4vt4emyc3,furskycreators.bsky.social,FurSky Creators,third_party,unknown,True,False,False,False,False,129,27,52,0,0,,,2026-06-08T21:01:54.958225Z,bursty,accessible,declared,high,False,False
did:plc:mdd2y3ul4lecjtlfxquo3sny,tzbsky.com,,third_party,unknown,True,False,False,False,False,115,25,16,0,0,,,2026-06-08T19:39:46.412176Z,bursty,accessible,declared,high,False,False
did:plc:hx65oouv7iwxm73nmh7tuhgq,unclouder.com,UnClouder,third_party,personal/reputational,True,True,True,True,True,97,34,97,8,1,2026-04-29T17:16:23.574395Z,2026-04-29T17:16:23.574395Z,2026-06-08T04:38:26.089506Z,bursty,accessible,declared,high,False,False
did:plc:qkty4ninplgtzeychgz4yyrh,labeler.bikesky.social,Bikesky Labeler,third_party,unknown,True,False,False,False,False,31,7,27,0,0,,,2026-06-08T13:20:03.935134Z,stable,accessible,declared,high,False,False
did:plc:iwgztlbtspo6bjy25qgcllqi,panslawek.pl,Polski Zespół Moderacji,third_party,unknown,True,False,False,False,False,30,15,11,0,0,,,2026-06-08T16:24:08.591085Z,bursty,accessible,declared,high,False,False
did:plc:ffv7lgt5rzmhnhzfum6ktzwm,sports-labeler.hooray.social,Sports Labeler,third_party,unknown,True,False,False,False,False,29,1,7,0,0,,,2026-06-08T04:38:26.089506Z,stable,accessible,declared,high,False,False
did:plc:mkj5rmeswytaiaqdd4bmdnfy,perfect-skeeties.bsky.social,Perfect Skeeties Labeler,third_party,personal/reputational,True,True,True,True,True,29,0,12,31,2,2026-03-17T15:19:07.615200Z,2026-04-14T22:03:05.649556Z,2026-06-08T04:38:26.089506Z,stable,accessible,declared,high,False,False
did:plc:7m7xz5ekdmw3tephpgn72ooz,moods.fran.pw,Moods,third_party,personal/reputational,True,True,True,True,True,28,7,16,140,3,2026-03-12T16:10:20.169117Z,2026-04-10T10:29:49.837068Z,2026-06-08T04:38:26.089506Z,stable,accessible,declared,high,False,False
did:plc:3bslxjzm3z3i67r5iwht4y5v,label-iam.so-asano.com,"Label ""I AM""",third_party,personal/reputational,True,True,True,True,True,24,0,6,24,3,2026-04-02T10:22:27.351629Z,2026-04-02T10:54:07.049232Z,2026-06-08T04:38:26.089506Z,stable,accessible,declared,high,False,False
did:plc:lcdcygpdeiittdmdeddxwt4w,laelaps.fyi,Laelaps,third_party,personal/reputational,True,True,True,True,False,22,9,21,4,6,2026-05-19T19:32:01.164145Z,2026-05-19T19:44:50.051464Z,2026-06-08T21:59:57.981617Z,stable,accessible,declared,high,False,False
did:plc:indwvpzxq36ay7cafeymjm4p,holofanbase.zomrade.live,Hololive Fanbase Labels,third_party,unknown,True,False,False,False,False,21,15,3,0,0,,,2026-06-08T04:38:26.089506Z,bursty,accessible,declared,high,False,False
did:plc:yfklixyvt4y3irrkdb4mtvqn,meowderation.tngl.sh,miauderation,third_party,personal/reputational,True,True,True,True,True,18,9,14,20,4,2026-03-18T00:55:43.144594Z,2026-03-31T20:16:33.725934Z,2026-06-08T21:48:09.384480Z,stable,accessible,declared,high,False,False
did:plc:gqtagsooi75obldmytuow57q,moderation.stream.place,,third_party,unknown,True,False,False,False,False,17,0,7,0,0,,,2026-06-08T04:38:26.089506Z,stable,accessible,declared,high,False,False
did:plc:dm6tjhimvcxsgh2yxbppbqkx,eras.bsky.sh,Taylor Swift Eras Labels,third_party,unknown,True,False,False,False,False,17,6,8,0,0,,,2026-06-08T04:38:26.089506Z,stable,accessible,declared,high,False,False
did:plc:am3r5ugi44s26fwouvel7mrz,moderation.wsocial.eu,W Social Moderation Service,third_party,personal/reputational,True,True,True,True,True,17,13,16,5,3,2026-06-02T12:37:12.906872Z,2026-06-02T12:54:47.935471Z,2026-06-08T09:32:45.006595Z,warming_up,accessible,declared,high,False,False
did:plc:jwqm25l6zbkgmorz3k35hf32,curationkeeper.bsky.social,CurationKeeper,third_party,personal/reputational,True,True,True,True,False,15,1,2,8,18,2026-04-09T14:46:08.196476Z,2026-06-08T04:44:19.415429Z,2026-06-08T04:44:19.415429Z,stable,unknown,declared,medium,False,False
did:plc:erl76ixakiifywkveug2fzkh,jerrified.bsky.social,jerrified labeler,third_party,personal/reputational,True,True,True,True,True,15,4,15,3,2,2026-04-27T22:24:31.494850Z,2026-04-27T22:26:42.770495Z,2026-06-08T04:38:26.089506Z,stable,accessible,declared,high,False,False
did:plc:iqnugdr4iua6r5psdmx2ufas,discourse.manos.lol,,third_party,personal/reputational,True,True,True,True,True,12,12,12,2,5,2026-05-26T02:21:21.411737Z,2026-06-05T04:07:11.698038Z,2026-06-08T04:38:26.089506Z,warming_up,accessible,declared,high,False,False
did:plc:roiub6lpsvidb6eb62t6unao,trustline.moddy.app,Moddy Trustline,third_party,personal/reputational,True,True,True,True,True,10,0,5,53,5,2026-04-07T18:08:04.643244Z,2026-04-07T19:51:37.899765Z,2026-06-08T04:38:26.089506Z,stable,accessible,declared,high,False,False
did:plc:owlalsqd2qu64kv3h7klt24t,gameengines.bsky.social,Game Engine Labeller,third_party,experimental,True,True,True,True,True,9,0,5,50,3,2026-03-26T21:02:04.161521Z,2026-04-03T06:33:53.205433Z,2026-06-08T04:38:26.089506Z,stable,accessible,declared,high,False,False
did:plc:ubt73xes4uesthuuhbqwf37d,kickflip.renahlee.com,kickflip,third_party,experimental,True,False,False,False,False,6,0,6,0,0,,,2026-06-08T04:38:26.089506Z,degraded,down,declared,medium,False,False
did:plc:rbctlz4hezljrjjgqjhm7svp,bias.is,K-Pop Biases Labeler,third_party,experimental,True,True,True,True,True,5,0,1,85,3,2026-03-22T04:01:04.215769Z,2026-05-26T05:54:25.138806Z,2026-06-08T04:38:26.089506Z,stable,down,declared,medium,False,False
did:plc:q2xsp2z6li7wlzet4ova2edb,shadowbanner.bsky.social,The Shadowbanner,third_party,experimental,True,True,True,True,True,5,0,1,35,1,2026-04-02T16:06:06.333817Z,2026-04-02T16:06:06.333817Z,2026-06-08T04:38:26.089506Z,stable,accessible,declared,high,False,False
did:plc:xpxsa5aviwecd7cv6bzbmr5n,github-labeler.bsky.social,GitHub Contributor Labeler,third_party,experimental,True,True,True,True,False,4,1,3,491,7,2026-03-07T14:11:53.142564Z,2026-06-04T16:55:43.549493Z,2026-06-08T04:38:26.089506Z,stable,accessible,declared,high,False,False
did:plc:fmug4zegnl7lf6ljp7aokpeh,moderation.medsky.network,Medsky Moderation,third_party,experimental,True,True,True,True,True,4,1,4,281,1,2026-03-29T07:26:08.262241Z,2026-03-29T07:26:08.262241Z,2026-06-08T04:38:26.089506Z,stable,accessible,declared,high,False,False
did:plc:4zjbgpzz2xcwlvv7mpvvvnmj,labeler.indiemusi.ch,Music community labeler,third_party,experimental,True,True,True,True,True,4,0,4,7,2,2026-05-30T16:46:33.077383Z,2026-05-30T16:56:15.389981Z,2026-06-08T04:38:26.089506Z,warming_up,accessible,declared,high,False,False
did:plc:d5wjm2v7krrf4kunmk7w24r2,labeller.pds.lewis-od.co.uk,Worm Labeller,third_party,experimental,True,True,True,True,False,4,4,3,1,9,2026-06-06T22:10:38.657082Z,2026-06-07T08:57:58.195917Z,2026-06-08T04:38:26.089506Z,warming_up,accessible,declared,high,False,False
did:plc:hhnjqlqihop5b7zrl2sjspir,labtestcm.bsky.social,,third_party,experimental,True,True,True,True,False,3,3,3,1,9,2026-06-04T17:52:29.244443Z,2026-06-04T19:02:07.210058Z,2026-06-08T04:38:26.089506Z,warming_up,down,declared,medium,False,False
did:plc:lpxr5ow33berjxpe54eyptyq,cmtest2.bsky.social,,third_party,experimental,True,True,True,True,False,3,3,2,1,8,2026-06-04T22:21:16.840270Z,2026-06-05T16:18:27.196874Z,2026-06-08T04:38:26.089506Z,warming_up,accessible,declared,high,False,False
did:plc:dsjk7d74slgc2xyrhehf2sxk,built.blue,The Built Labeler,third_party,experimental,True,True,True,True,True,2,0,2,13,5,2026-03-22T21:27:31.515472Z,2026-03-22T22:34:41.706988Z,2026-06-08T04:38:26.089506Z,ghost_declared,accessible,declared,high,False,False
did:plc:6vahyreowiemvhsrbfd5qvic,kpop.heartscraps.xyz,Kpop bias labeler,third_party,experimental,True,True,True,True,True,1,0,1,562,4,2026-04-14T14:59:44.332851Z,2026-04-14T15:23:02.182602Z,2026-06-08T04:38:26.089506Z,ghost_declared,unknown,declared,medium,False,False
did:plc:x5i64gpystahcvcizwl7p6ry,mpi-labeller.mpi-bluesky-pds.mpi-sws.org,,third_party,experimental,True,False,False,False,False,1,1,1,0,0,,,2026-06-08T04:38:26.089506Z,ghost_declared,accessible,declared,high,False,False
did:plc:yitjux5wnswziabxdhvkydll,labeler-prototype.bsky.social,,third_party,experimental,True,False,False,False,False,1,0,1,0,0,,,2026-06-08T04:38:26.089506Z,ghost_declared,accessible,declared,high,False,False
did:plc:wwjhjtgw5ksxrzdswtvnsnjs,alexstestlabeler.bsky.social,,third_party,experimental,True,False,False,False,False,1,0,1,0,0,,,2026-06-08T04:38:26.089506Z,warming_up,accessible,declared,high,False,False
did:plc:okggkjy46yor2utxfys5vbny,infightinglabeler.bsky.social,Left-Wing Infighting Labeler,third_party,experimental,True,False,False,False,False,1,1,1,0,0,,,2026-06-08T04:38:26.089506Z,warming_up,accessible,declared,high,False,False
did:plc:uac6er53o2pvr5y2qmvaf7hw,pef-moderation.org,Public Education Forum Moderation,third_party,abandoned,False,True,True,True,True,0,0,0,32,1,2026-03-21T13:15:42.566695Z,2026-03-21T13:15:42.566695Z,2026-06-08T04:38:26.089506Z,inactive,auth_required,declared,medium,False,False
did:plc:fcikraffwejtuqffifeykcml,label.wol.blue,FF14ヒカセンラベリング/FFXIV WoL Labeling,third_party,abandoned,False,True,True,True,True,0,0,0,119,1,2026-05-12T15:57:28.814619Z,2026-05-12T15:57:28.814619Z,2026-06-08T04:38:26.089506Z,warming_up,auth_required,declared,medium,False,False
did:plc:4wdiawuqywf3zx4faayw4hv2,mushroom-labeler.bsky.social,🍄 Mushroom Labeler,third_party,abandoned,False,True,True,True,False,0,0,0,1,85,2026-04-04T08:18:10.128556Z,2026-05-12T21:58:36.954355Z,2026-06-08T04:38:26.089506Z,warming_up,accessible,declared,high,False,False
did:plc:7s5echp3dzm2y5kxfe3mwzon,cons.fyi,cons.fyi,third_party,abandoned,False,True,True,True,False,0,0,0,108,1034,2026-03-05T23:22:31.134974Z,2026-06-08T22:29:14.377405Z,2026-06-08T22:30:12.191618Z,warming_up,unknown,declared,medium,False,False
did:plc:2qawvcwumvgxmed6iy6pmt6l,sonasky.app,SonaSky,third_party,abandoned,False,True,True,True,True,0,0,0,684,3,2026-04-11T03:07:44.498548Z,2026-04-11T03:18:30.800999Z,2026-06-08T04:38:26.089506Z,warming_up,auth_required,declared,medium,False,False
did:plc:p2cxrw3ank4dzs55mpm6ohq4,moderation.northsky.social,Northsky Moderation,third_party,abandoned,False,True,True,True,True,0,0,0,31,2,2026-05-11T01:04:58.841089Z,2026-06-02T21:46:17.935167Z,2026-06-08T04:38:26.089506Z,warming_up,auth_required,declared,medium,False,False
did:plc:i54lpx4fcztc55vsaiheypxo,pokemon.sonasky.app,SonaSky (Pokémon),third_party,abandoned,False,True,True,True,True,0,0,0,161,1,2026-04-11T03:18:30.544104Z,2026-04-11T03:18:30.544104Z,2026-06-08T04:38:26.089506Z,warming_up,auth_required,declared,medium,False,False
did:plc:2dnldc4omasiothhuqbmosyx,harpersletter.fyi,Harper's Letter Labeler,third_party,abandoned,False,True,True,True,True,0,0,0,1,1,2026-04-27T19:07:07.910128Z,2026-04-27T19:07:07.910128Z,2026-06-08T04:38:26.089506Z,warming_up,auth_required,declared,medium,False,False
did:plc:dfl62fgb7wtjj3fcbb72naae,ptr.pet,dawn ΛΔ,third_party,abandoned,False,True,True,True,True,0,0,0,3,1,2026-03-25T13:31:54.498920Z,2026-03-25T13:31:54.498920Z,2026-06-08T04:38:26.089506Z,warming_up,unknown,declared,medium,False,False
did:plc:b6irkivf4f6kr5zetwycnzxd,milk.meowing.zip,Milk Labeling Service,third_party,abandoned,False,True,True,True,True,0,0,0,14,2,2026-03-13T05:11:24.030276Z,2026-03-14T00:12:52.885617Z,2026-06-08T04:38:26.089506Z,warming_up,auth_required,declared,medium,False,False
did:plc:et54engghtqyu3myyjzzssak,stemlabels.xyz,STEM Labeler,third_party,abandoned,False,True,True,True,True,0,0,0,461,1,2026-04-08T15:45:15.550711Z,2026-04-08T15:45:15.550711Z,2026-06-08T04:38:26.089506Z,inactive,accessible,declared,high,False,False
did:plc:gpslhsq6j2g7zyybpaihkib6,vocalabeller.kanshen.click,vocalabeller! by ray deguchi,third_party,abandoned,False,True,True,True,False,0,0,0,1,106000,2026-03-05T22:22:29.556081Z,2026-06-08T23:31:35.466077Z,2026-06-08T23:31:35.466077Z,warming_up,unknown,declared,medium,False,False
did:plc:nwrcwcrhpkgrqqvkg3lmaqky,lebel.ebil.club,lebel,third_party,abandoned,False,True,True,True,True,0,0,0,3,1,2026-03-29T16:30:54.939862Z,2026-03-29T16:30:54.939862Z,2026-06-08T04:38:26.089506Z,warming_up,auth_required,declared,medium,False,False
did:plc:saslbwamakedc4h6c5bmshvz,labeler.hailey.at,Hailey's Labeler,third_party,abandoned,False,True,True,True,True,0,0,0,22,1,2026-04-13T22:20:31.838830Z,2026-04-13T22:20:31.838830Z,2026-06-08T04:38:26.089506Z,inactive,down,declared,medium,False,False
did:plc:ck57xb7qty7kolim6avksmpr,283labeler.mp0.jp,283ラベラー,third_party,abandoned,False,True,True,True,True,0,0,0,44,1,2026-03-29T12:19:05.207700Z,2026-03-29T12:19:05.207700Z,2026-06-08T04:38:26.089506Z,warming_up,auth_required,declared,medium,False,False
did:plc:xelfroz65ivei2p2um222kew,gkmas-labeler.endless.dance,学園アイドルマスター ラベラー,third_party,abandoned,False,True,True,True,True,0,0,0,25,2,2026-03-23T10:40:07.855528Z,2026-05-08T11:13:52.672537Z,2026-06-08T04:38:26.089506Z,warming_up,auth_required,declared,medium,False,False
did:plc:lyfdahuzifj577o5o6vphfl5,ozone.fifo-f.eu,Ozone Moderation Service,third_party,abandoned,False,True,True,True,True,0,0,0,4,1,2026-04-01T04:54:58.866832Z,2026-04-01T04:54:58.866832Z,2026-06-08T04:38:26.089506Z,warming_up,accessible,declared,high,False,False
did:plc:yemwxps6ptz2ziy2yq6gfjw4,labeler.ucho-ten.net,Ucho-ten Labeler,third_party,abandoned,False,True,True,True,True,0,0,0,26,3,2026-03-08T22:51:54.107181Z,2026-03-20T03:32:37.416074Z,2026-06-08T04:38:26.089506Z,warming_up,auth_required,declared,medium,False,False
did:plc:vud7oo5sc7k256jjplfxlnhm,pronounsinb.io,Pronouns Labeler,third_party,abandoned,False,True,True,True,True,0,0,0,68,2,2026-05-22T14:55:33.647396Z,2026-05-22T14:56:42.418024Z,2026-06-08T04:38:26.089506Z,warming_up,auth_required,declared,medium,False,False
did:plc:k2zhsrxcku6bdsppymu2gmmo,awacs.prtgn.org,,third_party,abandoned,False,True,True,True,False,0,0,0,7,19,2026-03-23T03:56:37.298559Z,2026-04-13T02:35:03.306096Z,2026-06-08T04:38:26.089506Z,warming_up,auth_required,declared,medium,False,False
did:plc:2hcnfmbfr4ucfbjpnvjqvt3e,vt3e.cat,vi,third_party,abandoned,False,True,True,True,False,0,0,0,1,11,2026-03-06T21:09:33.764978Z,2026-03-24T21:41:47.789269Z,2026-06-08T04:38:26.089506Z,warming_up,down,declared,medium,False,False
did:plc:pdftantb2wpnczkhusrixbpy,starrysky.app,,third_party,abandoned,False,True,True,False,True,0,0,0,1,1,2026-03-24T20:57:46.666564Z,2026-03-24T20:57:46.666564Z,2026-06-08T04:38:26.089506Z,warming_up,unknown,declared,medium,False,False
did:plc:jydpygzvttjtepzhy4zlhz52,art.tartgames.com,Art Council Bot,third_party,abandoned,False,True,True,True,False,0,0,0,7,34,2026-03-06T03:04:50.987013Z,2026-03-06T04:26:49.014976Z,2026-06-08T04:38:26.089506Z,warming_up,down,declared,medium,False,False
did:plc:btyteraqypld3yjd2yu5eiyt,adult-mode.bsky.social,成人模式,third_party,abandoned,False,True,True,True,False,0,0,0,7,9,2026-03-06T11:59:01.404517Z,2026-03-06T20:21:17.595580Z,2026-06-08T04:38:26.089506Z,inactive,down,declared,medium,False,False
did:plc:pfyyashnoatlhgwwfq7ut64l,lore.farm,lore.farm,third_party,abandoned,False,True,True,True,True,0,0,0,2,2,2026-03-07T15:39:08.006326Z,2026-03-07T15:55:27.581716Z,2026-06-08T04:38:26.089506Z,inactive,unknown,declared,medium,False,False
did:plc:7eansezz3nlumwc7gfuiaksv,oat.zone,,third_party,abandoned,False,True,True,True,True,0,0,0,1,1,2026-03-07T22:57:28.017716Z,2026-03-07T22:57:28.017716Z,2026-06-08T04:38:26.089506Z,warming_up,unknown,declared,medium,False,False
did:plc:knu6ljpbzut3ur6izjqgnsrw,obol.sh,Obol,third_party,abandoned,False,True,True,True,True,0,0,0,1,1,2026-03-08T21:54:50.065805Z,2026-03-08T21:54:50.065805Z,2026-06-08T04:38:26.089506Z,warming_up,down,declared,medium,False,False
did:plc:ugigqebt4sm3n4xpmqvslcyo,labelz.labelz-pds.nate-8fe.workers.dev,,third_party,experimental,False,False,False,False,True,0,0,0,0,1,2026-03-12T04:51:47.010569Z,2026-03-12T04:51:47.010569Z,2026-06-08T04:38:26.089506Z,warming_up,accessible,declared,high,True,False
did:plc:l37td5yhxl2irrzrgvei4qay,danielmorrisey.com,,third_party,abandoned,False,True,True,True,True,0,0,0,1,2,2026-03-13T00:33:31.665380Z,2026-03-13T00:33:32.700503Z,2026-06-08T04:38:26.089506Z,warming_up,unknown,declared,medium,False,False
did:plc:zj3ek5g7p4gxvg6mcnxazar5,alternativeproto.net,AlternativeProto,third_party,abandoned,False,True,True,True,True,0,0,0,3,3,2026-03-15T17:13:59.332297Z,2026-03-19T04:20:31.384018Z,2026-06-08T04:38:26.089506Z,warming_up,accessible,declared,high,False,False
did:plc:edod7rboajioq3jbyxsgeicc,heisenberg.climateai.org,heisenberg,third_party,abandoned,False,True,True,True,True,0,0,0,5,1,2026-03-16T13:32:52.459401Z,2026-03-16T13:32:52.459401Z,2026-06-08T04:38:26.089506Z,warming_up,down,declared,medium,False,False
did:plc:g6juxaq3xv3mnep2p6dh22ea,wearemagen.org,,third_party,abandoned,False,True,True,True,False,0,0,0,6,8,2026-03-16T17:18:27.561759Z,2026-03-18T00:41:45.614435Z,2026-06-08T04:38:26.089506Z,inactive,accessible,declared,high,False,False
did:plc:pwpuqwge6g7xrjmfbw73uycw,photosky.at,PhotoSky,third_party,abandoned,False,True,True,True,True,0,0,0,11,2,2026-03-17T14:29:17.094840Z,2026-03-17T14:57:20.885950Z,2026-06-08T04:38:26.089506Z,warming_up,unknown,declared,medium,False,False
did:plc:ne3worfl2e6ixxsaoyuqmr7w,trezy-test-labeler.bsky.social,,third_party,experimental,False,True,True,False,True,0,0,0,1,4,2026-03-17T18:28:54.398157Z,2026-03-19T02:26:18.795373Z,2026-06-08T04:38:26.089506Z,warming_up,down,declared,medium,True,False
did:plc:pxxznu4cm556vbi44bg5jsu4,trezy-test-labeler.bsky.social,,third_party,experimental,False,True,True,False,True,0,0,0,1,4,2026-03-19T04:06:50.889692Z,2026-03-24T17:27:18.726582Z,2026-06-08T04:38:26.089506Z,warming_up,auth_required,declared,medium,True,False
did:plc:5rqfefkxv5a3akkrmbqcb55g,moderation.blueat.net,BlueAT Moderation,third_party,abandoned,False,True,True,True,False,0,0,0,20,99,2026-03-19T15:21:07.942657Z,2026-05-07T02:31:14.478106Z,2026-06-08T04:38:26.089506Z,warming_up,down,declared,medium,False,False
did:plc:26ixxknmprzf62ijehlcevy3,demonslayerfeeds.bsky.social,Demon Slayer Feeds | 鬼滅の刃フィード,third_party,abandoned,False,True,True,True,True,0,0,0,46,2,2026-03-23T23:51:57.115720Z,2026-03-23T23:58:43.127720Z,2026-06-08T04:38:26.089506Z,warming_up,unknown,declared,medium,False,False
did:plc:tlbtb7crxvviwx54sdcat25a,dymo.blue,Dymo,third_party,abandoned,False,True,True,True,True,0,0,0,9,5,2026-03-24T23:46:43.506454Z,2026-03-28T21:52:15.806338Z,2026-06-08T04:38:26.089506Z,warming_up,auth_required,declared,medium,False,False
did:plc:7qiuwmtsfrymzazhy3l3kasu,testdymo.bsky.social,Dymo,third_party,abandoned,False,True,True,True,True,0,0,0,18,5,2026-03-25T00:06:53.013230Z,2026-03-25T00:57:14.008675Z,2026-06-08T04:38:26.089506Z,warming_up,down,declared,medium,False,False
did:plc:45scnhbnhc6zm4vn4br4q3wp,moderation.tokimeki.social,TOKIMEKI Moderation Service,third_party,abandoned,False,True,True,True,True,0,0,0,1,2,2026-03-25T10:11:40.886743Z,2026-03-25T10:24:16.671044Z,2026-06-08T04:38:26.089506Z,warming_up,accessible,declared,high,False,False
did:plc:qz2b34dblilq3z6f2xgjgzwe,thcommu-labeler.bsky.social,,third_party,abandoned,False,True,True,True,False,0,0,0,4,8,2026-03-25T10:48:28.535911Z,2026-03-25T16:54:07.405811Z,2026-06-08T04:38:26.089506Z,warming_up,auth_required,declared,medium,False,False
did:plc:xmj7cqtpfuuek4vp6pa2yqpq,labeler.frotting.party,labeler.frotting.party,third_party,abandoned,False,True,True,True,False,0,0,0,3,9,2026-03-25T22:16:09.605153Z,2026-03-27T22:18:11.362813Z,2026-06-08T04:38:26.089506Z,warming_up,down,declared,medium,False,False
did:plc:hk3zr7blf6dlkxzmdecw2kf2,hsd.lilacparty.us,,third_party,abandoned,False,True,True,True,True,0,0,0,75,4,2026-03-26T21:08:19.898702Z,2026-03-27T18:40:41.406369Z,2026-06-08T04:38:26.089506Z,inactive,down,declared,medium,False,False
did:plc:m6h36r2hzbnozuhxj4obhkyb,skeeditor.link,Skeeditor,third_party,abandoned,False,True,True,True,True,0,0,0,1,3,2026-03-28T01:26:53.298779Z,2026-03-28T01:28:01.508611Z,2026-06-08T04:38:26.089506Z,warming_up,auth_required,declared,medium,False,False
did:plc:s53yivkg4tosixsn2ovbqc7c,test.wolfarmoon.dev,wolfarnom test account,third_party,experimental,False,True,True,False,True,0,0,0,1,4,2026-04-01T01:22:59.793460Z,2026-04-01T01:40:12.220082Z,2026-06-08T04:38:26.089506Z,warming_up,unknown,declared,medium,True,False
did:plc:ql7n7gctfts2a32xp245fak7,seermoderation.com,Seer,third_party,abandoned,False,True,True,True,True,0,0,0,2,3,2026-04-01T12:51:06.242912Z,2026-04-01T13:08:51.350896Z,2026-06-08T04:38:26.089506Z,warming_up,down,declared,medium,False,False
did:plc:yvjl73yhbdmzzn27cc2kyvy3,aidran.ai,AIDRAN,third_party,abandoned,False,True,True,True,False,0,0,0,24,16,2026-04-04T05:40:54.730216Z,2026-04-14T06:02:05.442108Z,2026-06-08T04:38:26.089506Z,warming_up,unknown,declared,medium,False,False
did:plc:cjmftryiihdz5jafq77n6b2u,atbuddy.app,,third_party,abandoned,False,True,True,False,True,0,0,0,6,5,2026-04-04T07:10:48.271225Z,2026-04-04T15:08:44.288193Z,2026-06-08T04:38:26.089506Z,warming_up,auth_required,declared,medium,False,False
did:plc:2hqbcy365topzgoci3oemywp,alttextchamps.bsky.social,Alt Text Champions Labeler,third_party,abandoned,False,True,True,True,True,0,0,0,5,3,2026-04-09T01:32:37.612014Z,2026-04-09T22:53:00.904670Z,2026-06-08T04:38:26.089506Z,warming_up,unknown,declared,medium,False,False
did:plc:sboy7tg4wrkonuxp4n7eknxs,provyn-labeler.bsky.social,,third_party,abandoned,False,True,True,False,True,0,0,0,1,1,2026-04-10T01:59:49.738040Z,2026-04-10T01:59:49.738040Z,2026-06-08T04:38:26.089506Z,warming_up,accessible,declared,high,False,False
did:plc:ex3p6sdow4bnhp3wz76xcc6i,schwentker.sandboxlabs.ai,Schwentker,third_party,abandoned,False,True,True,True,True,0,0,0,5,4,2026-04-15T16:54:12.339408Z,2026-04-15T16:54:34.134106Z,2026-06-08T04:38:26.089506Z,warming_up,auth_required,declared,medium,False,False
did:plc:az5j4vuian7gx22o4zd4cvph,repo-auditor.atproto.ceo,Repo Inspector,third_party,abandoned,False,True,True,True,True,0,0,0,1,2,2026-04-17T20:29:26.484281Z,2026-04-17T20:30:24.371689Z,2026-06-08T04:38:26.089506Z,warming_up,auth_required,declared,medium,False,False
did:plc:bhuepdok66ddc4rgetch6mgq,randomaccfornothin.bsky.social,Mizook HQ,third_party,abandoned,False,True,True,True,True,0,0,0,1,1,2026-04-22T19:22:43.978008Z,2026-04-22T19:22:43.978008Z,2026-06-08T04:38:26.089506Z,warming_up,down,declared,medium,False,False
did:plc:cciz3i6f5mkjdnpb3wewr7az,skydeval.nearhorizon.app,,third_party,abandoned,False,True,True,True,True,0,0,0,1,2,2026-04-24T15:27:41.496370Z,2026-04-24T16:07:41.585570Z,2026-06-08T04:38:26.089506Z,warming_up,unknown,declared,medium,False,False
did:plc:3gghjh7wuif2v3ykx5ttmm6c,stemlabels.xyz,STEM Moderation & Labeler,third_party,abandoned,False,True,True,True,False,0,0,0,460,8,2026-04-25T08:22:06.542755Z,2026-04-27T23:33:41.879914Z,2026-06-08T04:38:26.089506Z,inactive,unknown,declared,medium,False,False
did:plc:kpmboizkolwoxhkarz7uls6h,modtest22.bsky.social,,third_party,abandoned,False,True,True,True,False,0,0,0,1,6,2026-04-26T14:55:59.068848Z,2026-04-30T02:15:54.746623Z,2026-06-08T04:38:26.089506Z,warming_up,unknown,declared,medium,False,False
did:plc:cm23tia7ualidugdh635lugh,labeltest20260430.bsky.social,,third_party,abandoned,False,True,True,True,True,0,0,0,1,2,2026-04-30T12:38:09.118183Z,2026-04-30T13:10:17.117459Z,2026-06-08T04:38:26.089506Z,warming_up,down,declared,medium,False,False
did:plc:grb3ucexoxbflrkcu6qbg4j2,lexicons.harvester.blue,Lexicon Verifier,third_party,abandoned,False,True,True,True,True,0,0,0,2,2,2026-05-05T03:04:04.750812Z,2026-05-05T13:28:15.608530Z,2026-06-08T04:38:26.089506Z,warming_up,accessible,declared,high,False,False
did:plc:xukcocedc7p2hem733mu4vqh,polarislabeler.bsky.social,,third_party,abandoned,False,True,True,True,True,0,0,0,3,3,2026-05-16T01:39:06.339797Z,2026-05-17T07:41:51.518651Z,2026-06-08T04:38:26.089506Z,warming_up,down,declared,medium,False,False
did:plc:facdlv7zfy25ymmmutxd3ojq,labeler-bot-tan.suibari.com,Zenkoutei Bot-tan Labeler,third_party,abandoned,False,True,True,True,False,0,0,0,18,866,2026-05-21T13:05:47.635458Z,2026-06-08T23:16:36.621052Z,2026-06-08T23:16:36.621052Z,warming_up,unknown,declared,medium,False,False
did:plc:qcwhrvzx6wmi5hz775uyi6fh,bot-tan.suibari.com,,third_party,abandoned,False,True,True,True,True,0,0,0,2,2,2026-05-21T23:41:19.149286Z,2026-06-08T15:05:27.848350Z,2026-06-08T15:05:27.848350Z,warming_up,unknown,declared,medium,False,False
did:plc:sfmur4r4wzriaupbgmz7sshy,joshuashew.bsky.social,Joshua Shew,third_party,abandoned,False,True,True,True,True,0,0,0,1,2,2026-05-24T00:06:51.118213Z,2026-05-25T01:48:07.515591Z,2026-06-08T04:38:26.089506Z,warming_up,auth_required,declared,medium,False,False
did:plc:sr7hpjhseg2zqomswzw4tmin,creatorlabeler.blackwall.gg,Creator Labeler,third_party,abandoned,False,True,True,True,True,0,0,0,10,1,2026-05-24T23:42:11.812344Z,2026-05-24T23:42:11.812344Z,2026-06-08T04:38:26.089506Z,warming_up,down,declared,medium,False,False
did:plc:4pe75mut3igezxkprcmxqxrm,whodoyousupport.bsky.social,,third_party,abandoned,False,True,True,True,True,0,0,0,1,1,2026-05-26T15:18:28.988745Z,2026-05-26T15:18:28.988745Z,2026-06-08T04:38:26.089506Z,warming_up,auth_required,declared,medium,False,False
did:plc:eprr6yw55jdfzlm3mw3s5z2y,mzk.pds.mizook.xyz,Mizook HQ,third_party,abandoned,False,True,True,True,True,0,0,0,1,1,2026-05-28T07:15:39.938990Z,2026-05-28T07:15:39.938990Z,2026-06-08T04:38:26.089506Z,warming_up,down,declared,medium,False,False
did:plc:kj2uuaftf4zg4bdtvcfkatrl,taina-labeler.climateai.org,,third_party,abandoned,False,True,True,True,True,0,0,0,1,1,2026-05-28T17:50:33.814147Z,2026-05-28T17:50:33.814147Z,2026-06-08T04:38:26.089506Z,warming_up,unknown,declared,medium,False,False
did:plc:flt5rybwfb6puqatk6necbkp,crossnote.bsky.social,,third_party,abandoned,False,True,True,True,True,0,0,0,1,1,2026-05-29T23:50:18.057178Z,2026-05-29T23:50:18.057178Z,2026-06-08T04:38:26.089506Z,warming_up,down,declared,medium,False,False
did:plc:j5b2pfbj4dgvnrt34loaavfu,labtest212.bsky.social,,third_party,abandoned,False,True,True,False,True,0,0,0,1,1,2026-06-03T17:07:01.454784Z,2026-06-03T17:07:01.454784Z,2026-06-08T04:38:26.089506Z,warming_up,down,declared,medium,False,False
did:plc:jeoxp4ncttnwxgmcwrz33dwp,platnerposlabeler.bsky.social,,third_party,abandoned,False,True,True,True,True,0,0,0,1,1,2026-06-06T21:43:43.934965Z,2026-06-06T21:43:43.934965Z,2026-06-08T04:38:26.089506Z,warming_up,down,declared,medium,False,False
